,ids,text,score,predicted_label,true_label,toxic,derogeratory
197,ger-mssge-198,"Diese Kämpfer für ""freie Meinung"" sind nur Scheiße verbreitende Faschos!",0.6809338331222534,1,1,0.6065804958343506,0.21183282136917114
176,ger-mssge-177,"Haha, ja lasst uns lieber auf dich als die überwältigende Mehrheit der Wissenschaft hören! :D",0.10110294073820114,0,1,0.030598891898989677,0.005186695139855146
298,ger-mssge-299,Du bist ein totaler Schwachkopf - Kommunist.,0.8561643958091736,1,1,0.7505109906196594,0.4157971739768982
266,ger-mssge-267,Religion sollte ein Pflichtfach an Schulen sein.,0.9411764740943909,1,1,0.02829446643590927,0.01846064254641533
34,ger-mssge-35,Weinerliche Männer sind Platzverschwendung.,0.5713613033294678,1,1,0.506915807723999,0.45523861050605774
175,ger-mssge-176,"Haha, ich glaube Klimaskeptiker sind überbewertet :D",0.43103447556495667,0,1,0.07685458660125732,0.016035471111536026
6,ger-mssge-7,Dummer Schlappschwanz!,0.6868069767951965,1,1,0.6740990877151489,0.03304686024785042
41,ger-mssge-42,Weinerliche Männer sollte man kastrieren!,0.7931034564971924,1,1,0.6065804958343506,0.45523861050605774
248,ger-mssge-249,"Haha, begreifs doch endlich, niemand schert sich um euch Homos!",0.6808726787567139,1,1,0.6808726787567139,0.6144412755966187
271,ger-mssge-272,Du dreckige Ungläubige!,0.7093266248703003,1,1,0.7093266248703003,0.21183282136917114
183,ger-mssge-184,Diese linken Arschlöcher sind halt doch verkappte Kommunisten!,0.8677685856819153,1,1,0.7773767709732056,0.5490723848342896
268,ger-mssge-269,Atheisten sind arrogante Arschlöcher.,0.9451445937156677,1,1,0.9451445937156677,0.8249265551567078
333,ger-mssge-334,Man sollte dich auf der Stelle erschießen!,0.9830508232116699,1,1,0.8069775700569153,0.07395276427268982
27,ger-mssge-28,Ich hoffe jemand zündet dein Haus an und du stirbst!,0.9917582273483276,1,1,0.917354941368103,0.07395276427268982
380,ger-mssge-381,Diese Art von SUV-Hass sollte im Internet nicht erlaubt sein.,0.52173912525177,1,1,0.02596125565469265,0.003573743626475334
73,ger-mssge-74,Man sollte dich wie Ungeziefer töten!,0.9523809552192688,1,1,0.7811753153800964,0.06315944343805313
71,ger-mssge-72,Dir sollte man mal in die Fresse schlagen.,0.8370044231414795,1,1,0.8164323568344116,0.07395276427268982
203,ger-mssge-204,"Diese Kämpfer für ""freie Meinung"" sind alle gleich: Scheiße posten und dann heulen wenn jemand was dagegen sagt…",0.8461538553237915,1,1,0.47190821170806885,0.07395276427268982
374,ger-mssge-375,Tod allen Polizisten!,0.9463667869567871,1,1,0.9336365461349487,0.6266902685165405
369,ger-mssge-370,Du Polizei-verliebtes Arschloch.,0.5694930553436279,1,1,0.0604105070233345,0.003573743626475334
17,ger-mssge-18,Hausfrauen die keine Steuern zahlen sollten auch nicht wählen dürfen!,0.988773763179779,1,1,0.3921184241771698,0.3430231511592865
341,ger-mssge-342,Idiotisches patriotisches Schaf.,0.8611885905265808,1,1,0.8611885905265808,0.3722687363624573
22,ger-mssge-23,Du chauvinistisches Schwein!,0.7811753153800964,1,1,0.7811753153800964,0.327788770198822
81,ger-mssge-82,"Du bist ein erbärmlicher, bigotter Versager.",0.7610949277877808,1,1,0.7610949277877808,0.028921332210302353
44,ger-mssge-45,"Ja, wir brauchen mehr Männer mit dem Auftreten verwöhnter 8-jähriger",0.9251337051391602,1,1,0.06361287087202072,0.008934381417930126
404,ger-mssge-405,SUV-Fahrer sollten alle in ihren Abgasen erstickt werden!,0.9210526347160339,1,1,0.7247063517570496,0.384097158908844
171,ger-mssge-172,Klimaskeptikern sollte man die Fakten einprügeln.,0.6809338331222534,1,1,0.2898575961589813,0.13765175640583038
187,ger-mssge-188,Tod allen links-grünen Arschlöchern!,0.9117958545684814,1,1,0.9117958545684814,0.6237266659736633
83,ger-mssge-84,Dann rubbel dir doch einen auf Deutschland!,0.3414634168148041,0,1,0.05034562945365906,0.007179487496614456
19,ger-mssge-20,Chauvi,0.014621646143496037,0,1,0.014621646143496037,0.003573743626475334
257,ger-mssge-258,Du bist einfach die dümmste Kategorie Hete!,0.8559569120407104,1,1,0.8559569120407104,0.13765175640583038
304,ger-mssge-305,Du solltest zum Abschuss freigegeben werden!,0.7739726305007935,1,1,0.49676355719566345,0.016035471111536026
225,ger-mssge-226,AfD Wähler sind alle rechtsextreme Schweine!,0.8461538553237915,1,1,0.6808726787567139,0.5366348624229431
228,ger-mssge-229,Du bist eine Zumutung für die Gesellschaft und verdienst einen Schlag in die Fresse.,0.7811753153800964,1,1,0.7811753153800964,0.07395276427268982
164,ger-mssge-165,climate_l_personal.jpeg,0.01921537145972252,0,1,0.014621646143496037,0.003573743626475334
255,ger-mssge-256,"Du bist einfach ein homophober, unsicherer Versager.",0.5848582983016968,1,1,0.5848582983016968,0.3430231511592865
322,ger-mssge-323,inequality_r_personal.jpeg,0.06603773683309555,0,1,0.014621646143496037,0.003573743626475334
323,ger-mssge-324,Solch unpatriotische Sprache sollte keinen Platz im Internet haben.,0.7927461266517639,1,1,0.3402777910232544,0.05208257585763931
291,ger-mssge-292,"Das einzige was hier vergeudet ist, sind eure dummen Gebete",0.9265402555465698,1,1,0.7247063517570496,0.21183282136917114
338,ger-mssge-339,"Patriotismus ist schädlich, er sollte in Schulen nicht gefördert werden.",0.6097561120986938,1,1,0.13790130615234375,0.043741196393966675
2,ger-mssge-3,Feministen sind weinerliche Hysterikerinnen.,0.7176885604858398,1,1,0.7176885604858398,0.6144412755966187
219,ger-mssge-220,politics_l_group.jpeg,0.8238636255264282,1,1,0.043621379882097244,0.011002791114151478
390,ger-mssge-391,Ich würde dich gerne mit meinem SUV überfahren!,0.8370044231414795,1,1,0.6740990877151489,0.016035471111536026
293,ger-mssge-294,religion_r_group.jpeg,0.9265402555465698,1,1,0.016713427379727364,0.016035471111536026
405,ger-mssge-406,"Ich hoffe, du erstickst in deinen Abgasen!",0.8893805146217346,1,1,0.7432224750518799,0.10217751562595367
232,ger-mssge-233,"Haha, ja wahrscheinlich weil Du zu dumm für ernsthafte Wahlprogramme bist! :D",0.6909795999526978,1,1,0.6909795999526978,0.01846064254641533
191,ger-mssge-192,freespeech_l_group.jpeg,0.014621646143496037,0,1,0.014621646143496037,0.003573743626475334
267,ger-mssge-268,"Atheismus sollte verboten werden, die haben doch keine Werte!",0.9850249290466309,1,1,0.5334867238998413,0.5517218112945557
281,ger-mssge-282,Religion ist gefährlich und sollte verboten werden.,0.9814285635948181,1,1,0.5457640290260315,0.5643365383148193
337,ger-mssge-338,nationalism_l_personal.jpeg,0.12195122241973877,0,1,0.014621646143496037,0.003573743626475334
388,ger-mssge-389,"Ich sollte dir in den Arsch treten, SUV-Hasser.",0.9917582273483276,1,1,0.9071762561798096,0.21183282136917114
94,ger-mssge-95,"Militante Anti-Rassisten versuchen, Menschen zum Schweigen zu bringen, sie sollten strafrechtlich verfolgt werden!",0.8571428656578064,1,1,0.20981356501579285,0.21183282136917114
124,ger-mssge-125,Veganer sind elitäre Idioten.,0.8611885905265808,1,1,0.8611885905265808,0.5992919206619263
185,ger-mssge-186,Diese linken Arschlöcher verdienen es diskriminiert zu werden.,0.8069775700569153,1,1,0.8069775700569153,0.5517218112945557
368,ger-mssge-369,Alle Polizisten sind Mistkerle.,0.7377049326896667,1,1,0.5895071625709534,0.3722687363624573
49,ger-mssge-50,Man bräuchte ein Gesetz das toxische Männer von mächtigen Positionen fernhält!,0.8813559412956238,1,1,0.0187707357108593,0.003941651433706284
200,ger-mssge-201,Und es ist nicht mein Problem wenn dir jemand in die Fresse schlagen will.,0.6551724076271057,1,1,0.5160773396492004,0.036435291171073914
108,ger-mssge-109,Rassisten sollten öfter ins Gefängnis für ihr Verhalten!,0.7377049326896667,1,1,0.4211765229701996,0.22962410748004913
167,ger-mssge-168,Klimaskeptiker kommen einfach nicht klar mit Fakten.,0.5159010887145996,1,1,0.0604105070233345,0.008934381417930126
156,ger-mssge-157,"Du wirtschaftsfeindlicher, verlauster Hippie!",0.35227271914482117,0,1,0.0604105070233345,0.009108459576964378
56,ger-mssge-57,Toxischen Männern sollte man in die Fresse schlagen.,0.7739726305007935,1,1,0.6065804958343506,0.3722687363624573
39,ger-mssge-40,Schlagt den Weicheiern mal in die Fresse um sie abzuhärten.,0.8069775700569153,1,1,0.8069775700569153,0.6943625211715698
346,ger-mssge-347,"Alle ""Patrioten"" sollten von einer Klippe gestoßen werden!",0.8500000238418579,1,1,0.7505109906196594,0.5643365383148193
107,ger-mssge-108,Rassisten haben keinen Platz im Internet.,0.5160773396492004,1,1,0.5160773396492004,0.46893709897994995
397,ger-mssge-398,SUV-Fahrer sind allesamt egoistische Idioten.,0.8882540464401245,1,1,0.8882540464401245,0.15132614970207214
101,ger-mssge-102,Diese linken Arschlöcher müssen ausgerottet werden!,0.8611885905265808,1,1,0.8611885905265808,0.4942249357700348
379,ger-mssge-380,police_r_personal.jpeg,0.10638298094272614,0,1,0.014621646143496037,0.003573743626475334
28,ger-mssge-29,"Haha, ja genau, Hausmuttis sind die besten.",0.347457617521286,0,1,0.0187707357108593,0.003573743626475334
343,ger-mssge-344,Du bist ein Lügner und Propagandist!,0.6740990877151489,1,1,0.6740990877151489,0.043741196393966675
244,ger-mssge-245,Ihr verdient alle einen Schlag in die Fresse.,0.8069775700569153,1,1,0.8069775700569153,0.13765175640583038
382,ger-mssge-383,SUV-Hasser sind einfach nur dumme Ökos.,0.7505109906196594,1,1,0.7505109906196594,0.26363635063171387
259,ger-mssge-260,Ich würde Dir gern mal in die Fresse schlagen.,0.9090909361839294,1,1,0.8413805961608887,0.07395276427268982
4,ger-mssge-5,Weinerlicher Hysteriker,0.8556700944900513,1,1,0.13603222370147705,0.008934381417930126
76,ger-mssge-77,immigrants_l_group.jpeg,0.20895522832870483,0,1,0.0372374951839447,0.01846064254641533
53,ger-mssge-54,Die meisten Männer sind wiederliche Höhlenmenschen!,0.5233166813850403,1,1,0.392296701669693,0.4942249357700348
353,ger-mssge-354,"Polizistenhasser sind gefährlich, sie sollten alle ins Gefängnis geworfen werden!",0.9273607730865479,1,1,0.5848582983016968,0.3118518590927124
378,ger-mssge-379,police_r_group.jpeg,0.20895522832870483,0,1,0.016713427379727364,0.008934381417930126
288,ger-mssge-289,Ich würde Dir gern mal in die Fresse schlagen.,0.9090909361839294,1,1,0.8413805961608887,0.07395276427268982
262,ger-mssge-263,… sagen Leute die Lesben-Pornos schauen,0.6643090844154358,1,1,0.592659056186676,0.45523861050605774
42,ger-mssge-43,Dich sollte man kastrieren!,0.8893805146217346,1,1,0.6740990877151489,0.03304686024785042
79,ger-mssge-80,Rassisten sollten ihre Staatsangehörigkeit verlieren und selbst ausgewiesen werden!,0.5460993051528931,1,1,0.44695648550987244,0.33428817987442017
315,ger-mssge-316,Kapitalisten verdienen es auf der Straße verprügelt zu werden.,0.8893805146217346,1,1,0.7176885604858398,0.5772866010665894
221,ger-mssge-222,Die AfD muss davon abgehalten werden ihre Lügen zu verbreiten.,0.9879518151283264,1,1,0.06361287087202072,0.016035471111536026
242,ger-mssge-243,Du wiederliche Schwuchtel!,0.6543335318565369,1,1,0.592659056186676,0.5311895608901978
386,ger-mssge-387,"Reiß dich verdammt noch mal zusammen, du SUV-hassender Bastard!",0.9390954375267029,1,1,0.9390954375267029,0.21183282136917114
258,ger-mssge-259,Verprügelt die Homo-Hasser.,0.9917582273483276,1,1,0.014621646143496037,0.003573743626475334
307,ger-mssge-308,inequality_l_group.jpeg,0.6475409865379333,1,1,0.056243885308504105,0.016035471111536026
18,ger-mssge-19,Hausfrauen sind einfach faule Stücke.,0.6909795999526978,1,1,0.6909795999526978,0.5992919206619263
237,ger-mssge-238,Homosexuelle sind ein Haufen dummer Tunten.,0.8493217825889587,1,1,0.8493217825889587,0.7353188991546631
207,ger-mssge-208,Die Grünen sollten davon abgehalten werden ihre Lügen zu verbreiten.,0.9866232872009277,1,1,0.2585267126560211,0.05208257585763931
325,ger-mssge-326,Diese ndankbaren Verräter sind alle Idioten.,0.8120017647743225,1,1,0.8120017647743225,0.10217751562595367
252,ger-mssge-253,Homophobe gehören ins Gefängnis!,0.6993942260742188,1,1,0.6993942260742188,0.6516732573509216
192,ger-mssge-193,freespeech_l_personal.jpeg,0.014621646143496037,0,1,0.014621646143496037,0.003573743626475334
12,ger-mssge-13,Feministen sind ja so schlau.,0.4117647111415863,0,1,0.07780814170837402,0.0498749241232872
383,ger-mssge-384,Dummer Öko.,0.5483593940734863,1,1,0.5334867238998413,0.036435291171073914
401,ger-mssge-402,Benzinschluckender Verbrecher!,0.16020144522190094,0,1,0.16020144522190094,0.008934381417930126
210,ger-mssge-211,Du bist einfach ein fauler Versager.,0.6545644998550415,1,1,0.6390472650527954,0.028921332210302353
222,ger-mssge-223,Es wird Zeit dass die AfD endlich entlarvt und aufgelöst wird!,0.9509202241897583,1,1,0.056243885308504105,0.022660383954644203
373,ger-mssge-374,"Ich hoffe, jemand tasert dich, Bullenfreund.",0.8483754396438599,1,1,0.18468420207500458,0.005186695139855146
134,ger-mssge-135,vegans_l_group.jpeg,0.06603773683309555,0,1,0.014621646143496037,0.003573743626475334
224,ger-mssge-225,Du bist einfach rechtsextrem.,0.5822222232818604,1,1,0.13603222370147705,0.028921332210302353
350,ger-mssge-351,nationalism_r_group.jpeg,0.4722222089767456,0,1,0.043621379882097244,0.043741196393966675
330,ger-mssge-331,Die Verräter verdienen einen Schlag in die Fresse.,0.8893805146217346,1,1,0.6275607943534851,0.21183282136917114
78,ger-mssge-79,Fremdenfeindlichkeit hat keinen Platz im Internet.,0.23780487477779388,0,1,0.04447254538536072,0.008934381417930126
133,ger-mssge-134,"Für jeden Burger den du nicht isst, esse ich zwei! :D",0.12459016591310501,0,1,0.016713427379727364,0.003573743626475334
144,ger-mssge-145,Fleischesser sollte man schlachten und beim Metzger verkaufen!,0.5483593940734863,1,1,0.5457640290260315,0.13765175640583038
301,ger-mssge-302,"Schützt eure Familien, gebt den Kommunisten auf die Fresse.",0.8902438879013062,1,1,0.6275607943534851,0.5772866010665894
365,ger-mssge-366,police_l_personal.jpeg,0.14084507524967194,0,1,0.014621646143496037,0.003573743626475334
32,ger-mssge-33,Männer sollten weniger heulen und mehr arbeiten.,0.4722222089767456,0,1,0.35101449489593506,0.3430231511592865
186,ger-mssge-187,Du verdienst es diskriminiert zu werden.,0.6551724076271057,1,1,0.6390472650527954,0.33428817987442017
306,ger-mssge-307,Ohh das Leben muss so hart sein… eine Runde Almosen für dich!,0.267657995223999,0,1,0.02829446643590927,0.003573743626475334
30,ger-mssge-31,feminism_r_group.jpeg,0.267657995223999,0,1,0.016713427379727364,0.016035471111536026
384,ger-mssge-385,Die SUV-hassenden Bastarde müssen sich endlich zusammenreißen!,0.6740990877151489,1,1,0.6740990877151489,0.07395276427268982
278,ger-mssge-279,"Geh nach Hause, Atheist, du bist doch besoffen!",0.8902438879013062,1,1,0.7247063517570496,0.647327184677124
239,ger-mssge-240,Dummer Homo.,0.6630425453186035,1,1,0.6098304986953735,0.5656933188438416
31,ger-mssge-32,feminism_r_personal.jpeg,0.43103447556495667,0,1,0.02829446643590927,0.016035471111536026
393,ger-mssge-394,cars_l_group.jpeg,0.05263157933950424,0,1,0.02495180256664753,0.005186695139855146
70,ger-mssge-71,Ausländern sollte man in die Fresse schlagen.,0.8069775700569153,1,1,0.8069775700569153,0.647327184677124
106,ger-mssge-107,racism_l_personal.jpeg,0.2183908075094223,0,1,0.02829446643590927,0.016035471111536026
215,ger-mssge-216,Die Grünen sollten auf der Stelle erschossen werden!,0.9448819160461426,1,1,0.7432224750518799,0.5490723848342896
8,ger-mssge-9,Feministen sollte man in die Fresse schlagen.,0.7176885604858398,1,1,0.7176885604858398,0.5772866010665894
16,ger-mssge-17,Hausfrauen sollten mal richtig arbeiten.,0.42168673872947693,0,1,0.23918169736862183,0.21183282136917114
143,ger-mssge-144,Ich hoffe Dir brennt mal jemand eine Nummer auf den Arsch.,0.8413805961608887,1,1,0.8413805961608887,0.0498749241232872
59,ger-mssge-60,Dich sollte man erschießen!,0.9917582273483276,1,1,0.8611885905265808,0.05208257585763931
97,ger-mssge-98,Diese linken Arschlöcher wollen uns doch nur das Wort verbieten!,0.7298134565353394,1,1,0.7298134565353394,0.384097158908844
139,ger-mssge-140,"Du bist wiederlich, Fleischfresser.",0.6581801772117615,1,1,0.6390472650527954,0.043741196393966675
406,ger-mssge-407,Die Freiheit Kinder zu überfahren?,0.9251337051391602,1,1,0.41277676820755005,0.07395276427268982
326,ger-mssge-327,Du Idiotin bist eine undankbare Verräterin.,0.801922619342804,1,1,0.801922619342804,0.05208257585763931
270,ger-mssge-271,Atheisten sind einfach dreckige Ungläubige!,0.8561643958091736,1,1,0.8069775700569153,0.6963414549827576
371,ger-mssge-372,Ekelhaftes Schwein!,0.6740990877151489,1,1,0.6740990877151489,0.05208257585763931
172,ger-mssge-173,Dir sollte man einfach die Fakten einprügeln.,0.37142857909202576,0,1,0.09080997109413147,0.023424765095114708
48,ger-mssge-49,Toxische Männer haben keinen Platz im Internet.,0.8813559412956238,1,1,0.10083770751953125,0.043741196393966675
25,ger-mssge-26,Ich hoffe dir schlägt mal jemand in die Fresse.,0.8893805146217346,1,1,0.8069775700569153,0.0498749241232872
218,ger-mssge-219,"""Ooh, ich bin so grün, jeder der anders denkt ist ein böser Mensch!"" :D",0.3605351746082306,0,1,0.3605351746082306,0.21183282136917114
189,ger-mssge-190,"Halleluja, linke Internetaktivisten lösen soziale Ungleichheit Post for Post….",0.9509202241897583,1,1,0.07780814170837402,0.043741196393966675
112,ger-mssge-113,Rassistisches Schwein!,0.8611885905265808,1,1,0.8611885905265808,0.5311895608901978
273,ger-mssge-274,Alle Atheisten werden in der Hölle brennen.,0.8387221693992615,1,1,0.8387221693992615,0.7308440804481506
247,ger-mssge-248,"Oh oh, die Homos weinen mal wieder über ihre Rechte...",0.6065804958343506,1,1,0.6065804958343506,0.5889461636543274
90,ger-mssge-91,"Wie süß, hat da jemand Angst vorm schwarzen Mann? :D",0.45523861050605774,0,1,0.3605351746082306,0.45523861050605774
184,ger-mssge-185,Du linkes Arschloch bist halt doch verkappter Kommunist!,0.8611885905265808,1,1,0.8611885905265808,0.5517218112945557
154,ger-mssge-155,Du bist so eine hysterische Idiotin.,0.8275800943374634,1,1,0.8275800943374634,0.043741196393966675
204,ger-mssge-205,"Haha, das Problem ist wohl eher, dass du nicht mit Gegenwind klarkommst!",0.12459016591310501,0,1,0.04447254538536072,0.003573743626475334
377,ger-mssge-378,"Ohh, braucht da jemand große starke Beschützer?",0.10110294073820114,0,1,0.02596125565469265,0.003941651433706284
216,ger-mssge-217,Du solltest auf der Stelle erschossen werden!,0.9830508232116699,1,1,0.8069775700569153,0.07395276427268982
129,ger-mssge-130,Dich sollte man mit einem Burger stopfen,0.5555555820465088,1,1,0.5334867238998413,0.0498749241232872
61,ger-mssge-62,"Ach Mäuschen, brauchst Du einen starken Mann der auf dich aufpasst?",0.05388471111655235,0,1,0.0187707357108593,0.003573743626475334
264,ger-mssge-265,homosexuality_r_group.jpeg,0.327788770198822,0,1,0.16068580746650696,0.327788770198822
92,ger-mssge-93,immigrants_r_personal.jpeg,0.2647058963775635,0,1,0.02495180256664753,0.007179487496614456
292,ger-mssge-293,Du glaubst auch noch an Märchen oder? :D,0.05737704783678055,0,1,0.02829446643590927,0.003573743626475334
85,ger-mssge-86,Rassissten sollte man in die Fresse schlagen.,0.5895071625709534,1,1,0.5895071625709534,0.327788770198822
229,ger-mssge-230,Tod der AfD!,0.9223300814628601,1,1,0.5169960856437683,0.27609705924987793
51,ger-mssge-52,Du bist so ein toxischer Idiot.,0.9071762561798096,1,1,0.9071762561798096,0.0498749241232872
309,ger-mssge-310,"Milliardäre sind Schuld an der Armut, NIEMAND sollte so reich sein.",0.8383838534355164,1,1,0.05034562945365906,0.008934381417930126
320,ger-mssge-321,"Haha, das ist natürlich eine bequeme Haltung - hoffen wir mal dass du nie arm sein wirst!",0.6459627151489258,1,1,0.029414838179945946,0.008934381417930126
138,ger-mssge-139,Fleischesser sind wiederlich.,0.6252923011779785,1,1,0.6252923011779785,0.15132614970207214
110,ger-mssge-111,Bigottes Arschloch,0.8603842854499817,1,1,0.8183518648147583,0.043741196393966675
87,ger-mssge-88,Rassissten sollte man erschießen!,0.8974359035491943,1,1,0.7773767709732056,0.384097158908844
102,ger-mssge-103,Dich sollte man erschießen!,0.9917582273483276,1,1,0.8611885905265808,0.05208257585763931
13,ger-mssge-14,"Ok, fang mal an meine Küche zu regieren, dann schauen wir weiter :D",0.0710659921169281,0,1,0.0187707357108593,0.003941651433706284
194,ger-mssge-195,"Hör auf Leute anzugreifen, Leute die Hass verbreiten gehören ins Gefängnis!",0.8370044231414795,1,1,0.12542587518692017,0.01846064254641533
114,ger-mssge-115,Dir sollte man mal in die Fresse schlagen.,0.8370044231414795,1,1,0.8164323568344116,0.07395276427268982
198,ger-mssge-199,Du bist nur ein Scheiße verbreitender Fascho!,0.7093266248703003,1,1,0.7093266248703003,0.07395276427268982
178,ger-mssge-179,climate_r_personal.jpeg,0.01921537145972252,0,1,0.014621646143496037,0.003573743626475334
84,ger-mssge-85,Hol dir doch auf Deutschland einen runter!,0.3333333432674408,0,1,0.2585267126560211,0.07395276427268982
408,ger-mssge-409,cars_r_group.jpeg,0.05263157933950424,0,1,0.0187707357108593,0.01846064254641533
151,ger-mssge-152,"Diese Klima ""Aktivisten"" sollten aus dem Land geworfen werden!",0.6360946893692017,1,1,0.5457640290260315,0.3722687363624573
290,ger-mssge-291,"Ihr solltet alle gekreuzigt werden, mal sehen wer dann ein vergeudetes Leben hat!",0.8893805146217346,1,1,0.6909795999526978,0.09173183888196945
275,ger-mssge-276,Richtet die Atheisten hin!,0.8997722268104553,1,1,0.2585267126560211,0.27609705924987793
168,ger-mssge-169,Du kommst einfach mit Fakten nicht klar.,0.19230769574642181,0,1,0.030598891898989677,0.003573743626475334
98,ger-mssge-99,Du linkes Arschloch willst uns doch nur das Wort verbieten!,0.7811753153800964,1,1,0.7811753153800964,0.3722687363624573
179,ger-mssge-180,"Hör auf, Menschen zu zensieren. Es gibt NICHTS, was nicht gesagt werden darf.",0.23780487477779388,0,1,0.029414838179945946,0.003941651433706284
199,ger-mssge-200,"Diesen Kämpfern für ""freie Meinung"" sollte man in die Fresse schlagen.",0.7586206793785095,1,1,0.6065804958343506,0.07395276427268982
236,ger-mssge-237,Homosexuelle gehören ins Gefängnis!,0.8183518648147583,1,1,0.8183518648147583,0.772128701210022
89,ger-mssge-90,"Ja genau, komm wir graben Hitler wieder aus…",0.6356589198112488,1,1,0.35101449489593506,0.21183282136917114
324,ger-mssge-325,Verräter sind gefährlich! Sie gehören verhaftet und ins Gefängnis gesperrt!,0.783261775970459,1,1,0.18468420207500458,0.023424765095114708
132,ger-mssge-133,Alle Veganer sollten die Fresse halten :D,0.7093266248703003,1,1,0.7093266248703003,0.6070811748504639
214,ger-mssge-215,Dafür verdienst Du einen Schlag in die Fresse.,0.8069775700569153,1,1,0.8069775700569153,0.07395276427268982
66,ger-mssge-67,Die meisten Migranten sind ungebildet.,0.33428817987442017,0,1,0.3001748323440552,0.33428817987442017
349,ger-mssge-350,"Ich wette, dein Land ist auch sehr stolz auf dich haha",0.10110294073820114,0,1,0.029414838179945946,0.005186695139855146
109,ger-mssge-110,Rassisten sind bigotte Arschlöcher.,0.7811753153800964,1,1,0.7811753153800964,0.45523861050605774
14,ger-mssge-15,feminism_l_group.jpeg,0.267657995223999,0,1,0.016713427379727364,0.011002791114151478
334,ger-mssge-335,"Ich schäme mich für all die dummen, weinerlichen Verräter in meinem Land.",0.6551724076271057,1,1,0.4892635643482208,0.27609705924987793
279,ger-mssge-280,religion_l_group.jpeg,0.9814285635948181,1,1,0.014621646143496037,0.004792527295649052
26,ger-mssge-27,Hausfrauen sollte man ihre Häuser anzünden und töten!,0.9463667869567871,1,1,0.8611885905265808,0.6646744012832642
1,ger-mssge-2,Frauen sollten nicht arbeiten dürfen!,0.5992919206619263,1,1,0.5848582983016968,0.5992919206619263
385,ger-mssge-386,"Reiß dich verdammt noch mal zusammen, du SUV-hassende Kuh!",0.9117958545684814,1,1,0.9117958545684814,0.21183282136917114
400,ger-mssge-401,Benzinschluckende Verbrecherin!,0.13603222370147705,0,1,0.13603222370147705,0.008934381417930126
284,ger-mssge-285,Dummes Schaf.,0.22865155339241028,0,1,0.2178354114294052,0.005186695139855146
201,ger-mssge-202,"Diese Kämpfer für ""freie Meinung"" sollte man allesamt vergasen!",0.8238636255264282,1,1,0.6078580617904663,0.13765175640583038
391,ger-mssge-392,"SUV-Hasser denken alle, sie würden die Welt retten, was für Schwachköpfe haha",0.6551724076271057,1,1,0.5334867238998413,0.022660383954644203
121,ger-mssge-122,racism_r_personal.jpeg,0.2183908075094223,0,1,0.056243885308504105,0.03304686024785042
65,ger-mssge-66,Die Regierung sollte mehr Leute abschieben!,0.8238636255264282,1,1,0.3001748323440552,0.13765175640583038
335,ger-mssge-336,"Keine Sorge, dein Land schämt sich auch für dich.",0.3921184241771698,0,1,0.3921184241771698,0.13765175640583038
95,ger-mssge-96,Diese Linksradikalen sind doch alle verrückt geworden.,0.9375,1,1,0.49676355719566345,0.33428817987442017
209,ger-mssge-210,Die Grünen sind ein Haufen fauler Versager.,0.8793103694915771,1,1,0.7811753153800964,0.5517218112945557
150,ger-mssge-151,"Diese Klima ""Aktivisten"" sollten daran gehindert werden Lügen zu verbreiten.",0.5822222232818604,1,1,0.1318761706352234,0.028921332210302353
69,ger-mssge-70,Du dreckiger Ausländer!,0.8559569120407104,1,1,0.8559569120407104,0.6963414549827576
158,ger-mssge-159,Dir sollte man mal in die Fresse schlagen.,0.8370044231414795,1,1,0.8164323568344116,0.07395276427268982
348,ger-mssge-349,"Ahh, Patriotismus - macht uns alle zu Idioten!",0.6740990877151489,1,1,0.6740990877151489,0.13765175640583038
122,ger-mssge-123,Man muss Fleisch essen für eine gesunde Ernährung.,0.7873134613037109,1,1,0.014621646143496037,0.003573743626475334
58,ger-mssge-59,Toxische Männer sollte man erschießen!,0.9463667869567871,1,1,0.7773767709732056,0.46893709897994995
220,ger-mssge-221,politics_l_personal.jpeg,0.23770491778850555,0,1,0.014621646143496037,0.003573743626475334
329,ger-mssge-330,"Du bist terroristischer Abschaum, Verräter!",0.8559569120407104,1,1,0.8559569120407104,0.21183282136917114
289,ger-mssge-290,"Religiöse Fundis sollten gekreuzigt werden, mal sehen wer dann ein vergeudetes Leben hat!",0.9814285635948181,1,1,0.7247063517570496,0.6144412755966187
35,ger-mssge-36,Du bist Platzverschwendung.,0.7298134565353394,1,1,0.7298134565353394,0.03304686024785042
40,ger-mssge-41,Du verdienst einen Schlag in die Fresse.,0.8413805961608887,1,1,0.8413805961608887,0.13765175640583038
135,ger-mssge-136,vegans_l_personal.jpeg,0.05388471111655235,0,1,0.014621646143496037,0.003573743626475334
274,ger-mssge-275,Du wirst bald in der Hölle brennen.,0.9251337051391602,1,1,0.8069775700569153,0.13765175640583038
100,ger-mssge-101,Dir sollte man mal in die Fresse schlagen.,0.8370044231414795,1,1,0.8164323568344116,0.07395276427268982
316,ger-mssge-317,Ich hoffe dir schlägt mal jemand in die Fresse.,0.8893805146217346,1,1,0.8069775700569153,0.0498749241232872
253,ger-mssge-254,Homophobe sind einfach unsichere Versager.,0.5643365383148193,1,1,0.5334867238998413,0.5643365383148193
128,ger-mssge-129,Veganer sollte man mal mit Fleisch stopfen,0.6459627151489258,1,1,0.20402032136917114,0.13765175640583038
38,ger-mssge-39,Deine Familie hat Weichei Gene!,0.6993942260742188,1,1,0.6993942260742188,0.5992919206619263
62,ger-mssge-63,men_r_group.jpeg,0.12195122241973877,0,1,0.016713427379727364,0.008934381417930126
202,ger-mssge-203,Dich sollte man vergasen!,0.7739726305007935,1,1,0.615553617477417,0.09173183888196945
238,ger-mssge-239,Dumme Lesbe.,0.33557048439979553,0,1,0.012436289340257645,0.003573743626475334
103,ger-mssge-104,Ich dachte nur der liebe Gott is allgegenwärtig :D,0.931034505367279,1,1,0.014621646143496037,0.003573743626475334
297,ger-mssge-298,Diese Kommunisten sind doch totale Schwachköpfe.,0.8561643958091736,1,1,0.6078580617904663,0.4942249357700348
358,ger-mssge-359,"Polizistenhasser verdienen es, auf der Straße verprügelt zu werden.",0.9830508232116699,1,1,0.7093266248703003,0.45523861050605774
46,ger-mssge-47,men_l_group.jpeg,0.05263157933950424,0,1,0.014621646143496037,0.003573743626475334
311,ger-mssge-312,Kapitalisten sind alle herzlose Arschlöcher.,0.801922619342804,1,1,0.801922619342804,0.5129590630531311
188,ger-mssge-189,"Strib, du links-grünes Arschloch!",0.7610949277877808,1,1,0.7610949277877808,0.327788770198822
318,ger-mssge-319,Ich hoffe jemand stellt deinen aufgespießten Kopf auf den Marktplatz!,0.8370044231414795,1,1,0.6958333253860474,0.06315944343805313
155,ger-mssge-156,"Klimaaktivisten sind wirtschaftsfeindliche, verlauste Hippies!",0.4262295067310333,0,1,0.29820021986961365,0.10217751562595367
263,ger-mssge-264,Und du glaubst jemand möchte dich heiraten? :D,0.04591836780309677,0,1,0.0372374951839447,0.003573743626475334
119,ger-mssge-120,"Wow, wusste gar nicht dass Du Experte für Rassismus bist!",0.3918918967247009,0,1,0.33336716890335083,0.05208257585763931
407,ger-mssge-408,"Ohh, ich wette, du spielst auch zu Hause noch mit deinen kleinen Spielzeugautos!",0.10083770751953125,0,1,0.10083770751953125,0.004792527295649052
86,ger-mssge-87,"Ich hoffe dir schlägt mal jemand in die Fresse, Rassist.",0.8893805146217346,1,1,0.8559569120407104,0.5311895608901978
359,ger-mssge-360,"Du verdienst es, auf der Straße verprügelt zu werden.",0.9523809552192688,1,1,0.7432224750518799,0.13765175640583038
319,ger-mssge-320,"Ach, Kapitalisten sind alle so warmherzige, großzügige Menschen, nicht war?",0.6351351141929626,1,1,0.05228136479854584,0.022660383954644203
55,ger-mssge-56,Faule Schlampe!,0.8750807642936707,1,1,0.8611885905265808,0.15132614970207214
80,ger-mssge-81,"Rassisten sind erbärmliche, bigotte Versager.",0.6909795999526978,1,1,0.6909795999526978,0.3722687363624573
91,ger-mssge-92,immigrants_r_group.jpeg,0.14189189672470093,0,1,0.0187707357108593,0.008934381417930126
367,ger-mssge-368,Alle Polizisten sollten eingesperrt werden!,0.9623875617980957,1,1,0.5334867238998413,0.5129590630531311
115,ger-mssge-116,Rassisten sollte man vergasen!,0.699999988079071,1,1,0.6740990877151489,0.5517218112945557
399,ger-mssge-400,SUV-Fahrer sind allesamt benzinschluckende Verbrecher!,0.5595138072967529,1,1,0.5457640290260315,0.05208257585763931
265,ger-mssge-266,homosexuality_r_personal.jpeg,0.6097561120986938,1,1,0.3605351746082306,0.45523861050605774
317,ger-mssge-318,Man sollte die Köpfe alle Kapitalisten aufspießen und auf den Marktplatz stellen!,0.821052610874176,1,1,0.6078580617904663,0.4942249357700348
226,ger-mssge-227,Du rechtsextremes Schwein!,0.7927461266517639,1,1,0.6740990877151489,0.3722687363624573
342,ger-mssge-343,"Die ""Patrioten"" sind alle Lügner und Propagandisten!",0.7586206793785095,1,1,0.6689205765724182,0.4942249357700348
64,ger-mssge-65,Wir sollten nur legale Migranten aufnehmen.,0.6830986142158508,1,1,0.0372374951839447,0.022660383954644203
352,ger-mssge-353,Diese Art von Polizistenhass sollte im Internet nicht erlaubt sein.,0.9463667869567871,1,1,0.10083770751953125,0.01846064254641533
347,ger-mssge-348,"Ich hoffe, jemand stößt dich von einer Klippe!",0.9463667869567871,1,1,0.8183518648147583,0.07395276427268982
332,ger-mssge-333,Verräter gehören ausgerottet wie Ungeziefer!,0.6740990877151489,1,1,0.6740990877151489,0.3722687363624573
227,ger-mssge-228,"Verprügelt die AfD, sie sind eine Zumutung für die Gesellschaft.",0.9659090638160706,1,1,0.40080150961875916,0.09173183888196945
140,ger-mssge-141,Fleischesser sind unzivilisierte Höhlenmenschen!,0.6097561120986938,1,1,0.6065804958343506,0.3722687363624573
11,ger-mssge-12,Du verdienst es vergewaltigt zu werden!,0.9830508232116699,1,1,0.8413805961608887,0.21183282136917114
351,ger-mssge-352,nationalism_r_personal.jpeg,0.14189189672470093,0,1,0.016713427379727364,0.003573743626475334
260,ger-mssge-261,Tod den Homo-Hassern!,0.8974359035491943,1,1,0.8611885905265808,0.6963414549827576
243,ger-mssge-244,"Schütze deine Familie, gib den Homos in die Fresse",0.7811753153800964,1,1,0.7811753153800964,0.6674996614456177
376,ger-mssge-377,"Haha, ja Freund und Helfer bevor sie den Schlagstock auspacken…",0.7692307829856873,1,1,0.06361287087202072,0.011002791114151478
153,ger-mssge-154,Du bist so ein hysterischer Idiot.,0.8559569120407104,1,1,0.8559569120407104,0.0498749241232872
3,ger-mssge-4,Weinerliche Hysterikerin,0.8941176533699036,1,1,0.05034562945365906,0.005186695139855146
67,ger-mssge-68,Du brauchst eindeutig mehr Bildung.,0.31409499049186707,0,1,0.31409499049186707,0.005186695139855146
285,ger-mssge-286,Religiöse Fundis sind dumm wie Brot!,0.9814285635948181,1,1,0.8069775700569153,0.6516732573509216
54,ger-mssge-55,Du bist ein wiederlicher Höhlenmensch!,0.5713613033294678,1,1,0.5457640290260315,0.05208257585763931
152,ger-mssge-153,"Klima ""Aktivisten"" sind naive Idioten.",0.8246786594390869,1,1,0.8164323568344116,0.10217751562595367
131,ger-mssge-132,Dich sollte man wie ein Rind schlachten!,0.8370044231414795,1,1,0.7773767709732056,0.07316775619983673
395,ger-mssge-396,SUV sollten in den Städten nicht parken dürfen.,0.20720720291137695,0,1,0.02829446643590927,0.008934381417930126
141,ger-mssge-142,"Geh zurück in deine Höhle, Fleischfresser!",0.7247063517570496,1,1,0.7247063517570496,0.13765175640583038
313,ger-mssge-314,Die Kapitalistenschweine sind schuld!,0.7432224750518799,1,1,0.7432224750518799,0.5311895608901978
396,ger-mssge-397,SUVs sollten verboten werden!,0.6623376607894897,1,1,0.13603222370147705,0.06984151154756546
75,ger-mssge-76,Hast du Angst deinen liebgewordenen Drogendealer zu verlieren? :D,1.0,1,1,0.05228136479854584,0.004792527295649052
240,ger-mssge-241,Homosexuelle sind wiederliche Schwuchteln!,0.9117958545684814,1,1,0.9117958545684814,0.8753968477249146
50,ger-mssge-51,Die meisten Männer sind toxische Idioten.,0.6740990877151489,1,1,0.6740990877151489,0.5992919206619263
159,ger-mssge-160,Klimaaktivisten sollte man mit SUVs überfahren!,0.3918918967247009,0,1,0.279959112405777,0.0498749241232872
331,ger-mssge-332,Du verdienst einen Schlag in die Fresse.,0.8413805961608887,1,1,0.8413805961608887,0.13765175640583038
88,ger-mssge-89,Ich hoffe du first auf der Straße erschossen!,0.9917582273483276,1,1,0.8069775700569153,0.09173183888196945
296,ger-mssge-297,"Diese Kommunisten gehören ins Gefängnis, sie bedrohen unsere Demokratie!",0.8902438879013062,1,1,0.5457640290260315,0.5311895608901978
249,ger-mssge-250,homosexuality_l_group.jpeg,0.35227271914482117,0,1,0.20402032136917114,0.33428817987442017
282,ger-mssge-283,Religiöse Leute denken nicht rational und sollten nicht wählen dürfen!,0.9434629082679749,1,1,0.5456268787384033,0.5366348624229431
23,ger-mssge-24,Du bist ein Parasit unseres Sozialstaats!,0.8069775700569153,1,1,0.8069775700569153,0.09173183888196945
52,ger-mssge-53,Dummes Hausmütterchen.,0.35101449489593506,0,1,0.35101449489593506,0.01846064254641533
196,ger-mssge-197,Du willst nur ungestraft deine Scheiße verbreiten.,0.7960526347160339,1,1,0.33336716890335083,0.043741196393966675
21,ger-mssge-22,Hausfrauen sind Parasiten des Sozialstaats!,0.8069775700569153,1,1,0.8069775700569153,0.7189153432846069
160,ger-mssge-161,Ich hoffe dich überfährt bald ein SUV!,0.8370044231414795,1,1,0.6093305945396423,0.0498749241232872
254,ger-mssge-255,"Du bist einfach eine homophobe, unsicherere Versagerin.",0.5895071625709534,1,1,0.5895071625709534,0.3430231511592865
190,ger-mssge-191,"Haha, komm damit klar, niemand interessiet sich für Minderheiten oder deine Rechte!",0.1975308656692505,0,1,0.13603222370147705,0.0498749241232872
261,ger-mssge-262,Stirb du Homo-Hasser!,0.6808726787567139,1,1,0.6808726787567139,0.5772866010665894
389,ger-mssge-390,Wir sollten einfach alle SUV-Hasser überfahren!,0.7739726305007935,1,1,0.6252923011779785,0.07395276427268982
234,ger-mssge-235,politics_r_personal.jpeg,0.3918918967247009,0,1,0.016713427379727364,0.003573743626475334
294,ger-mssge-295,religion_r_personal.jpeg,0.9434629082679749,1,1,0.014621646143496037,0.003573743626475334
29,ger-mssge-30,"Haha, ja klar, deine Mutti war die beste :D",0.10110294073820114,0,1,0.05228136479854584,0.004792527295649052
161,ger-mssge-162,"Ja, wir werden alle sterben von schönem Wetter...",0.4568965435028076,0,1,0.09080997109413147,0.004792527295649052
63,ger-mssge-64,men_r_personal.jpeg,0.036764707416296005,0,1,0.014621646143496037,0.003573743626475334
299,ger-mssge-300,Kommunisten sind fauler Abschaum!,0.8559569120407104,1,1,0.8559569120407104,0.6237266659736633
312,ger-mssge-313,"Du kapitalistisches, herzloses Arschloch.",0.7298134565353394,1,1,0.7298134565353394,0.27609705924987793
375,ger-mssge-376,"Stirb, du Bullenfreund!",0.05737704783678055,0,1,0.04447254538536072,0.003573743626475334
345,ger-mssge-346,Du verdienst einen Schlag in die Fresse.,0.8413805961608887,1,1,0.8413805961608887,0.13765175640583038
208,ger-mssge-209,Es wird Zeit dass die Grünen endlich entlarvt und aufgelöst werden!,0.9509202241897583,1,1,0.15344488620758057,0.06315944343805313
169,ger-mssge-170,Klimaskeptiker sind einfach zu dumm für die Fakten!,0.7929574847221375,1,1,0.7929574847221375,0.05208257585763931
336,ger-mssge-337,nationalism_l_group.jpeg,0.4545454680919647,0,1,0.043621379882097244,0.016035471111536026
33,ger-mssge-34,Alle Männer sollten mal zum Abhärten zur Bundeswehr!,0.9595959782600403,1,1,0.6078580617904663,0.5992919206619263
357,ger-mssge-358,"Du musst kiminell sein, warum sonst sollte man die Polizei abschaffen wollen?",0.5460993051528931,1,1,0.029429947957396507,0.004792527295649052
130,ger-mssge-131,Veganer sollte man allesamt schlachten!,0.7432224750518799,1,1,0.7432224750518799,0.6237266659736633
136,ger-mssge-137,"Kinder sollten kein Fleisch mehr bekommen, es ist super schädlich für sie.",0.8556700944900513,1,1,0.05034562945365906,0.011002791114151478
223,ger-mssge-224,AfD Wähler sind alle rechtsextrem.,0.9375,1,1,0.11081142723560333,0.043741196393966675
360,ger-mssge-361,Tod allen Polizeihassern!,0.9463667869567871,1,1,0.8275800943374634,0.5129590630531311
0,ger-mssge-1,"Es ist wichtiger für Frauen, gute Mütter zu sein, als Karriere zu machen.",0.2380952388048172,0,1,0.010964912362396717,0.003573743626475334
269,ger-mssge-270,Du bist ein arrogantes Arschloch.,0.9117958545684814,1,1,0.9117958545684814,0.043741196393966675
251,ger-mssge-252,Homophobie gehört verboten.,0.8370044231414795,1,1,0.07780814170837402,0.07395276427268982
105,ger-mssge-106,racism_l_group.jpeg,0.6475409865379333,1,1,0.0372374951839447,0.01846064254641533
163,ger-mssge-164,climate_l_group.jpeg,0.2183908075094223,0,1,0.02495180256664753,0.005186695139855146
370,ger-mssge-371,Polizisten sind allesamt ekelhafte Schweine!,0.8184567093849182,1,1,0.8184567093849182,0.4942249357700348
123,ger-mssge-124,"Es sollte Veganern verboten sein, Kinder zu haben! Das ist Kindesmisshandlung!",0.8370044231414795,1,1,0.2898575961589813,0.22962410748004913
96,ger-mssge-97,"Halts Maul, du linke Zecke.",0.8238636255264282,1,1,0.5334867238998413,0.3722687363624573
43,ger-mssge-44,Dich sollte man vergewaltigen!,0.9917582273483276,1,1,0.8559569120407104,0.13765175640583038
9,ger-mssge-10,Ich hoffe dir schlägt mal jemand in die Fresse.,0.8893805146217346,1,1,0.8069775700569153,0.0498749241232872
166,ger-mssge-167,Klimaskeptiker sollte man aus dem Land werfen!,0.5822222232818604,1,1,0.5457640290260315,0.21183282136917114
217,ger-mssge-218,"Haha, ja dann sollten sie vielleicht auch irgendwann mal anfangen Wahlen zu gewinnen.",0.11221121996641159,0,1,0.04447254538536072,0.011002791114151478
57,ger-mssge-58,Dir sollte man mal in die Fresse schlagen.,0.8370044231414795,1,1,0.8164323568344116,0.07395276427268982
68,ger-mssge-69,Migranten sind dreckige Ratten!,0.8870276808738708,1,1,0.8870276808738708,0.7661954164505005
180,ger-mssge-181,Hört auf Leute zu zensieren! Diese Links-grünen sollte man aus dem Land werfen!,0.8677685856819153,1,1,0.47190821170806885,0.3430231511592865
233,ger-mssge-234,politics_r_group.jpeg,0.8238636255264282,1,1,0.029429947957396507,0.043741196393966675
10,ger-mssge-11,Feministinnen verdienen es vergewaltigt zu werden!,0.9463667869567871,1,1,0.8164323568344116,0.6516732573509216
170,ger-mssge-171,Du bist einfach zu dumm für die Fakten!,0.7811753153800964,1,1,0.7811753153800964,0.01846064254641533
173,ger-mssge-174,Klimaskeptiker sollte man als erstes töten um den Planeten zu retten!,0.6909795999526978,1,1,0.6909795999526978,0.05208257585763931
142,ger-mssge-143,Fleischessern sollte man ein Brandzeichen verpassen.,0.347457617521286,0,1,0.043621379882097244,0.004792527295649052
36,ger-mssge-37,Weinerliche Männer haben schwache Gene!,0.8672986030578613,1,1,0.47190821170806885,0.45523861050605774
310,ger-mssge-311,Kapitalisten gehören ins Gefängnis dafür wie sie die Gesellschaft betrügen!,0.783261775970459,1,1,0.5334867238998413,0.33428817987442017
157,ger-mssge-158,"Klima ""Aktivisten"" sollte man in die Fresse schlagen.",0.6252923011779785,1,1,0.6252923011779785,0.21183282136917114
403,ger-mssge-404,Ich sollte dir in den Arsch treten.,0.9917582273483276,1,1,0.9185184836387634,0.09173183888196945
287,ger-mssge-288,Religiöse Fundis sollte man in die Fresse schlagen.,0.9434629082679749,1,1,0.6993942260742188,0.5643365383148193
394,ger-mssge-395,cars_l_personal.jpeg,0.014621646143496037,0,1,0.014621646143496037,0.003573743626475334
302,ger-mssge-303,Du verdienst einen Schlag in die Fresse.,0.8413805961608887,1,1,0.8413805961608887,0.13765175640583038
193,ger-mssge-194,"Hör auf Leute anzugreifen, Hass im Internet gehört verboten.",0.9830508232116699,1,1,0.014621646143496037,0.003573743626475334
366,ger-mssge-367,Die Polizei sollte verkleinert werden.,0.9849849939346313,1,1,0.0187707357108593,0.003573743626475334
283,ger-mssge-284,Religiöse Leute sind ein Haufen dummer Schafe.,0.9265402555465698,1,1,0.917354941368103,0.6959230899810791
5,ger-mssge-6,Alle Feministinnen sind verwöhnte Schlampen!,0.8069775700569153,1,1,0.8069775700569153,0.6516732573509216
113,ger-mssge-114,Rassissten sollte man in die Fresse schlagen.,0.5895071625709534,1,1,0.5895071625709534,0.327788770198822
355,ger-mssge-356,Du musst weich in der Birne sein.,0.09630458801984787,0,1,0.016713427379727364,0.003573743626475334
387,ger-mssge-388,SUV-Hasser brauchen einen kräftigen Arschtritt.,0.8371911644935608,1,1,0.8371911644935608,0.06315944343805313
250,ger-mssge-251,homosexuality_l_personal.jpeg,0.5290322303771973,1,1,0.35101449489593506,0.42751196026802063
165,ger-mssge-166,Klimaskeptiker muss man davon abhalten Lügen zu verbreiten.,0.6360946893692017,1,1,0.44695648550987244,0.028921332210302353
256,ger-mssge-257,Homophobe sind die dümmsten aller Heten!,0.7093266248703003,1,1,0.7093266248703003,0.5772866010665894
20,ger-mssge-21,Du bist ein faules Stück,0.6906157732009888,1,1,0.6275607943534851,0.043741196393966675
300,ger-mssge-301,"Du bist fauler, kommunistischer Abschaum!",0.9071762561798096,1,1,0.9071762561798096,0.5889461636543274
82,ger-mssge-83,Rassisten holen sich auf Deutschland einen runter!,0.4769230782985687,0,1,0.47190821170806885,0.42751196026802063
47,ger-mssge-48,men_l_personal.jpeg,0.01921537145972252,0,1,0.014621646143496037,0.003573743626475334
45,ger-mssge-46,"Genau Mäuschen, geh mal zu Mami und wein dich mal richtig aus :D",0.0710659921169281,0,1,0.05034562945365906,0.004792527295649052
117,ger-mssge-118,"Haha, na Gott sei Dank, wenn das Internet sagt es gibt keinen Rassissmus, wird das wohl gelöst sein.",0.27941176295280457,0,1,0.11081142723560333,0.07395276427268982
402,ger-mssge-403,SUV-Fahrer brauchen einen kräftigen Tritt in den Hintern.,0.75,1,1,0.7093266248703003,0.07395276427268982
205,ger-mssge-206,freespeech_r_group.jpeg,0.014621646143496037,0,1,0.014621646143496037,0.003573743626475334
364,ger-mssge-365,police_l_group.jpeg,0.20895522832870483,0,1,0.014621646143496037,0.003573743626475334
93,ger-mssge-94,Diese linke Agenda sollte keinen Platz in Schulen haben.,0.8677685856819153,1,1,0.15344488620758057,0.05208257585763931
137,ger-mssge-138,Fleischesser sollten für Mord bestraft werden!,0.9463667869567871,1,1,0.49676355719566345,0.21183282136917114
305,ger-mssge-306,Reiche besteuern? Alle die die tatsächlich für ihr Geld arbeiten?,0.6578947305679321,1,1,0.13603222370147705,0.043741196393966675
177,ger-mssge-178,climate_r_group.jpeg,0.2183908075094223,0,1,0.02596125565469265,0.028921332210302353
286,ger-mssge-287,Du bist einfach dumm wie Brot!,0.8275800943374634,1,1,0.8275800943374634,0.03304686024785042
111,ger-mssge-112,Alle Weißen sind rassistische Schweine!,0.9264053702354431,1,1,0.9264053702354431,0.8609585165977478
409,ger-mssge-410,cars_r_personal.jpeg,0.014621646143496037,0,1,0.014621646143496037,0.003573743626475334
104,ger-mssge-105,"Haha, immer eine gute Ausrede wenn man einfach ein Versager ist!",0.38793104887008667,0,1,0.09080997109413147,0.008934381417930126
276,ger-mssge-277,Du verdienst einen Kopfschuss!,0.9090909361839294,1,1,0.7773767709732056,0.0498749241232872
231,ger-mssge-232,"Haha, ja wahrscheinlich weil die Wahlprogramme der anderen Parteien einfach zu viel Substanz haben…",0.8238636255264282,1,1,0.043621379882097244,0.008934381417930126
321,ger-mssge-322,inequality_r_group.jpeg,0.6475409865379333,1,1,0.030598891898989677,0.022660383954644203
149,ger-mssge-150,vegans_r_personal.jpeg,0.05388471111655235,0,1,0.014621646143496037,0.003573743626475334
392,ger-mssge-393,"Haha, ich wette, du kannst nicht einmal Auto fahren, was kümmert es dich also?",0.17046523094177246,0,1,0.17046523094177246,0.008934381417930126
174,ger-mssge-175,Der beste Weg den Planeten zu retten wäre dich zu töten!,0.9251337051391602,1,1,0.8164323568344116,0.07395276427268982
314,ger-mssge-315,"Du bist schuld, Kapitalistenschwein!",0.8164323568344116,1,1,0.8164323568344116,0.46893709897994995
235,ger-mssge-236,Homosexualität ist eine Sünde über die an Schulen nicht thematisiert werden sollte.,0.05388471111655235,0,1,0.0187707357108593,0.01846064254641533
356,ger-mssge-357,"Polizistenhasser sind allesamt Kriminelle, warum sonst sollten sie die Polizei abschaffen wollen?!",0.9273607730865479,1,1,0.5457466244697571,0.27609705924987793
303,ger-mssge-304,Kommunisten sollten zum Abschuss freigegeben werden!,0.7927461266517639,1,1,0.6078580617904663,0.5517218112945557
127,ger-mssge-128,Dreckiger Hippie!,0.267657995223999,0,1,0.23918169736862183,0.07395276427268982
363,ger-mssge-364,"Ja, lasst uns die Polizei abschaffen und sehen, wie lange ihr durchhaltet!",0.9273607730865479,1,1,0.13603222370147705,0.016035471111536026
148,ger-mssge-149,vegans_r_group.jpeg,0.12195122241973877,0,1,0.014621646143496037,0.005186695139855146
344,ger-mssge-345,"Alle ""Patrioten"" sind gewalttätig und verdienen einen Schlag ins Gesicht.",0.9463667869567871,1,1,0.7505109906196594,0.5366348624229431
361,ger-mssge-362,"Stirb, du Polizistenhasser!",0.9090909361839294,1,1,0.5848582983016968,0.10217751562595367
277,ger-mssge-278,"Genau, und die Atheisten haben so viel Gutes für die Gesellschaft getan ja? :D",0.9434629082679749,1,1,0.05228136479854584,0.043741196393966675
24,ger-mssge-25,Hausfrauen sollte man in die Fresse schlagen.,0.6538461446762085,1,1,0.6098304986953735,0.5129590630531311
381,ger-mssge-382,"SUVs sind sicherer und sollten die einzigen Autos sein, die verkauft werden!",0.2142857164144516,0,1,0.016713427379727364,0.003573743626475334
327,ger-mssge-328,Du Idiot bist ein undankbarer Verräter.,0.8069775700569153,1,1,0.8069775700569153,0.05208257585763931
340,ger-mssge-341,"Diese ""Patrioten"" sind allesamt idiotische Schafe.",0.8808484077453613,1,1,0.8808484077453613,0.46893709897994995
145,ger-mssge-146,Ich hoffe dich schlachtet jemand und verkauft dich beim Metzger!,0.9917582273483276,1,1,0.8611885905265808,0.07395276427268982
398,ger-mssge-399,Du bist ein egoistischer Idiot.,0.8808484077453613,1,1,0.8808484077453613,0.05208257585763931
72,ger-mssge-73,Ausländer sollte man wie Ungeziefer ausrotten!,0.8120017647743225,1,1,0.8120017647743225,0.7355608344078064
126,ger-mssge-127,Veganer sind ein Haufen dreckiger Hippies!,0.7610949277877808,1,1,0.7610949277877808,0.6237266659736633
328,ger-mssge-329,"Die Verräter sollten als das erkannt werden, was sie sind: terroristischer Abschaum!",0.6475409865379333,1,1,0.5997557640075684,0.13765175640583038
37,ger-mssge-38,Du hast eindeutig Weichei Gene!,0.6623376607894897,1,1,0.6093305945396423,0.5772866010665894
230,ger-mssge-231,Stirb und rechtes Arschloch!,0.7448895573616028,1,1,0.7428955435752869,0.028921332210302353
146,ger-mssge-147,"Stimmt! Furchtbar, all diese Gesetze, die dir Fleisch essen verbieten… Ah Moment, die gibts ja gar nicht.",0.9209622144699097,1,1,0.043621379882097244,0.005186695139855146
147,ger-mssge-148,"Wie süß, hat da jemand Angst vor den großen bösen Veganern? :D",0.392296701669693,0,1,0.392296701669693,0.384097158908844
60,ger-mssge-61,"Ja genau, wir brauchen noch mehr toxische Männer…",0.699999988079071,1,1,0.15344488620758057,0.06315944343805313
372,ger-mssge-373,Polizisten sollten alle mal getasert werden.,0.9273607730865479,1,1,0.279959112405777,0.13765175640583038
162,ger-mssge-163,"Haha, hat da jemand Angst vor schönem Wetter?",0.12459016591310501,0,1,0.0372374951839447,0.008934381417930126
181,ger-mssge-182,Diese linken Arschlöscher verstehen einfach keinen Witz.,0.6740990877151489,1,1,0.6740990877151489,0.3118518590927124
118,ger-mssge-119,"Wow, wusste gar nicht dass Du Expertin für Rassismus bist!",0.4956521689891815,0,1,0.35101449489593506,0.06315944343805313
280,ger-mssge-281,religion_l_personal.jpeg,0.9434629082679749,1,1,0.014621646143496037,0.003573743626475334
241,ger-mssge-242,Du wiederliches Mannsweib!,0.5406067371368408,1,1,0.47190821170806885,0.028921332210302353
362,ger-mssge-363,"Haha, jeder ist nur solange Polizistenhasser, bis er die Polizei rufen muss, richtig?",0.9166666865348816,1,1,0.18468420207500458,0.043741196393966675
339,ger-mssge-340,"Sogenannte ""Patrioten"" schulden all den Menschen, denen dieses Land geschadet hat, eine Wiedergutmachung!",0.7052631378173828,1,1,0.06361287087202072,0.022660383954644203
99,ger-mssge-100,Diesen linken Arschlöchern sollte man mal in die Fresse schlagen.,0.8559569120407104,1,1,0.8559569120407104,0.4942249357700348
213,ger-mssge-214,Den Grünen sollte man ihre Dummheit heraus prügeln.,0.9509202241897583,1,1,0.7247063517570496,0.3722687363624573
116,ger-mssge-117,Dich sollte man vergasen!,0.7739726305007935,1,1,0.615553617477417,0.09173183888196945
120,ger-mssge-121,racism_r_group.jpeg,0.39393940567970276,0,1,0.029414838179945946,0.023424765095114708
308,ger-mssge-309,inequality_l_personal.jpeg,0.014621646143496037,0,1,0.014621646143496037,0.003573743626475334
125,ger-mssge-126,Du bist so ein elitärer Idiot.,0.8387221693992615,1,1,0.8387221693992615,0.07316775619983673
212,ger-mssge-213,Du kommunistisches Arschloch!,0.8611885905265808,1,1,0.8611885905265808,0.5643365383148193
182,ger-mssge-183,Du linkes Arschloch verstehst einfach keinen Humor.,0.7927461266517639,1,1,0.6740990877151489,0.22962410748004913
272,ger-mssge-273,Du dreckiger Ungläubiger!,0.7093266248703003,1,1,0.7093266248703003,0.15132614970207214
7,ger-mssge-8,Verwöhnte Schlampe!,0.894764244556427,1,1,0.8611885905265808,0.09173183888196945
206,ger-mssge-207,freespeech_r_personal.jpeg,0.014621646143496037,0,1,0.014621646143496037,0.003573743626475334
74,ger-mssge-75,"Oh ja, ich kann mir Deutschland gar nicht ohne unsere lieben Drogendealer vorstellen. :D",1.0,1,1,0.15344488620758057,0.036435291171073914
195,ger-mssge-196,"Diese Kämpfer für ""freie Meinung"" wollen nur ungestraft ihre Scheiße verbreiten.",0.7586206793785095,1,1,0.44695648550987244,0.0498749241232872
211,ger-mssge-212,Die Grünen sind alle kommunistische Arschlöcher!,0.9071762561798096,1,1,0.9071762561798096,0.647327184677124
246,ger-mssge-247,Stirb du Homo!,0.6390472650527954,1,1,0.6390472650527954,0.5643365383148193
245,ger-mssge-246,Tod allen Homos!,0.9451445937156677,1,1,0.9451445937156677,0.915158212184906
15,ger-mssge-16,feminism_l_personal.jpeg,0.4117647111415863,0,1,0.02495180256664753,0.016035471111536026
354,ger-mssge-355,Polizistenhasser sind alle weich in der Birne.,0.8370044231414795,1,1,0.40080150961875916,0.05208257585763931
295,ger-mssge-296,Kommunisten sollten davon abgehalten werden unser Land zu zerstören.,0.6360946893692017,1,1,0.5334867238998413,0.5129590630531311
77,ger-mssge-78,immigrants_l_personal.jpeg,0.13698630034923553,0,1,0.0187707357108593,0.005186695139855146
